{"cameraMode":{"drawMode":0,"name":"Shaded","section":"Shading Mode"},"sceneLighting":false,"audioPlay":false,"sceneViewState":{"m_AlwaysRefresh":false,"showFog":true,"showSkybox":false,"showFlares":true,"showImageEffects":true,"showParticleSystems":true,"showVisualEffectGraphs":true,"m_FxEnabled":true},"in2DMode":false,"pivot":{"x":-4.077250957489014,"y":1.2277886867523194,"z":2.3203227519989015},"rotation":{"x":-0.10352115333080292,"y":-0.04415016993880272,"z":0.004600019659847021,"w":-0.9936375021934509},"size":2.1733877658843996,"orthographic":false}