{"cameraMode":{"drawMode":0,"name":"Shaded","section":"Shading Mode"},"sceneLighting":false,"audioPlay":false,"sceneViewState":{"m_AlwaysRefresh":false,"showFog":true,"showSkybox":false,"showFlares":true,"showImageEffects":true,"showParticleSystems":true,"showVisualEffectGraphs":true,"m_FxEnabled":true},"in2DMode":false,"pivot":{"x":525.1215209960938,"y":429.3162536621094,"z":-435.39068603515627},"rotation":{"x":0.13172213733196259,"y":-0.05564006417989731,"z":0.007369196508079767,"w":0.9897356629371643},"size":8.580812454223633,"orthographic":false}