{"cameraMode":{"drawMode":0,"name":"Shaded","section":"Shading Mode"},"sceneLighting":false,"audioPlay":false,"sceneViewState":{"m_AlwaysRefresh":false,"showFog":true,"showSkybox":false,"showFlares":true,"showImageEffects":true,"showParticleSystems":true,"showVisualEffectGraphs":true,"m_FxEnabled":true},"in2DMode":false,"pivot":{"x":-3.262579917907715,"y":1.2572439908981324,"z":0.8389520645141602},"rotation":{"x":-0.10352115333080292,"y":-0.04415016993880272,"z":0.004600019659847021,"w":-0.9936375021934509},"size":1.494357943534851,"orthographic":false}